htanfous = Hassen Ben Tanfous <htanfous@sylsft.com>
jhanley = Jason Hanley <jhanley@sylsft.com>
ypogue = Yusef Pogue <ypogue@sylsft.com>
amemon = Ahmed Memom <amemon@sylsft.com>
bhanley = Brian Hanley <bhanley@sylsft.com>
dlahn = Dave Lahn <dlahn@sylsft.com>
jrobinson = Jon Robinson <jrobinson@sylsft.com>
ssids = ssids <ssids@sylsft.com>
tgerhardt = Travis Gerhardt <tgerhardt@sylsft.com>
ademchenko= Alex Demchenko <ademchenko@sylsft.com>
dmaignan= David Maignan <dmaignan@sylsft.com>
dwegener= dwegener <dwegener@sylsft.com>
sylsft= sylsft <sylsft@sylsft.com>
